Workbook

Sheet List
A1: order | B1: YY | C1: MM | D1: DD | E1: P.O. No. | F1: Container No. | G1: Container Seal No. | H1: Lot No. | I1: Receiving Date | J1: Product Description | K1: Supplier | L1: Truck Line
B2: 26 | H2: =IF(D2="","","GIN"&MID(B2,2,1)&MID(B2,1,1)&MID(C2,2,1)&MID(C2,1,1)&MID(D2,2,1)&MID(D2,1,1)&A2) | I2: =IF(D2="","",DATE(B2,C2,D2)) | J2: FRESH GINGER | K2: Santao | L2: SL
B3: 26 | H3: =IF(D3="","","GIN"&MID(B3,2,1)&MID(B3,1,1)&MID(C3,2,1)&MID(C3,1,1)&MID(D3,2,1)&MID(D3,1,1)&A3) | I3: =IF(D3="","",DATE(B3,C3,D3)) | J3: FRESH GINGER | K3: Santao | L3: SL
B4: 26 | C4: 04 | H4: =IF(D4="","","GIN"&MID(B4,2,1)&MID(B4,1,1)&MID(C4,2,1)&MID(C4,1,1)&MID(D4,2,1)&MID(D4,1,1)&A4) | I4: =IF(D4="","",DATE(B4,C4,D4)) | J4: FRESH GINGER | K4: Santao | L4: SL
B5: 26 | C5: 04 | H5: =IF(D5="","","PGIN"&MID(B5,2,1)&MID(B5,1,1)&MID(C5,2,1)&MID(C5,1,1)&MID(D5,2,1)&MID(D5,1,1)&A5) | I5: =IF(D5="","",DATE(B5,C5,D5)) | J5: FRESH GINGER | K5: Santao | L5: SL
B6: 26 | C6: 04 | H6: =IF(D6="","","PGIN"&MID(B6,2,1)&MID(B6,1,1)&MID(C6,2,1)&MID(C6,1,1)&MID(D6,2,1)&MID(D6,1,1)&A6) | I6: =IF(D6="","",DATE(B6,C6,D6)) | J6: FRESH GINGER | K6: Santao | L6: SL
B7: 26 | C7: 04 | H7: =IF(D7="","","PGIN"&MID(B7,2,1)&MID(B7,1,1)&MID(C7,2,1)&MID(C7,1,1)&MID(D7,2,1)&MID(D7,1,1)&A7) | I7: =IF(D7="","",DATE(B7,C7,D7)) | J7: FRESH GINGER | K7: Santao | L7: SL
B8: 26 | C8: 04 | H8: =IF(D8="","","PGIN"&MID(B8,2,1)&MID(B8,1,1)&MID(C8,2,1)&MID(C8,1,1)&MID(D8,2,1)&MID(D8,1,1)&A8) | I8: =IF(D8="","",DATE(B8,C8,D8)) | J8: FRESH GINGER | K8: Santao | L8: SL
B9: 26 | C9: 04 | H9: =IF(D9="","","PGIN"&MID(B9,2,1)&MID(B9,1,1)&MID(C9,2,1)&MID(C9,1,1)&MID(D9,2,1)&MID(D9,1,1)&A9) | I9: =IF(D9="","",DATE(B9,C9,D9)) | J9: FRESH GINGER | K9: Santao | L9: SL
B10: 26 | C10: 04 | H10: =IF(D10="","","PGIN"&MID(B10,2,1)&MID(B10,1,1)&MID(C10,2,1)&MID(C10,1,1)&MID(D10,2,1)&MID(D10,1,1)&A10) | I10: =IF(D10="","",DATE(B10,C10,D10)) | J10: FRESH GINGER | K10: Santao | L10: SL

Sheet Warehouse Receiving Manifest
A1: Trinity Distribution Inc. | L1: Warehouse Receiving Manifest
H2: Frozen | I2: Cooler | J2: Dry
A3: =List!F2 -> 0 | E3: =List!G2 -> 0 | I3: X | L3: Cesar | N3: =List!I2
A4: Container No. | E4: Container Seal No. | L4: Receiver | N4: Receiving Date:
H5: Temp. Recorder(s)
B6: TDI | E6: =List!E2 -> 0 | L6: Inspect By | N6: Unloading Date:
A7: For Account Of: | E7: P.O. No.
D9: Item/Net Weight | F9: 1 | G9: 2 | H9: 3 | I9: 4 | J9: 5 | K9: 6 | L9: 7 | M9: 8 | N9: 9 | O9: 10
A10: =List!L2 -> SL | D10: =D15 -> 600000
A11: Delivering Truck Line:
A14: Lot No. | D14: Item Code: | F14: Product Description: | I14: Pack Size: | J14: Origin: | K14: Supplier: | M14: Product Temp | N14: Total Cases:
A15: =List!H2 | D15: 600000 | F15: =List!J2 -> FRESH GINGER | I15: 30LBS | J15: China | K15: =List!K2 -> Santao
A16: 1 | B16: 2 | C16: 3 | D16: 9 | E16: 5 | F16: 6 | G16: 7 | H16: 8 | I16: 9 | J16: 10 | K16: 11 | L16: 12 | M16: 13 | N16: 14 | O16: 15
A17: 16 | B17: 17 | C17: 18 | D17: 19 | E17: 20 | F17: 21 | G17: 22 | H17: 23 | I17: 24 | J17: 25 | K17: 26 | L17: 27 | M17: 28 | N17: 29 | O17: 30
A18: 31 | B18: 32 | C18: 33 | D18: 34 | E18: 35 | F18: Cooler/Freezer Location: | H18: Cases Per Layer: | I18: Product Quality: | K18: Off-odor: | L18: Packaging: | M18: Labelling: | N18: Foreign Material: | O18: Damage Case(s):
A21: Lot No. | D21: Item Code: | F21: Product Description: | I21: Pack Size: | J21: Origin: | K21: Supplier: | M21: Product Temp | N21: Total Cases:
A23: 1 | B23: 2 | C23: 3 | D23: 4 | E23: 5 | F23: 6 | G23: 7 | H23: 8 | I23: 9 | J23: 10 | K23: 11 | L23: 12 | M23: 13 | N23: 14 | O23: 15
A24: 16 | B24: 17 | C24: 18 | D24: 19 | E24: 20 | F24: 21 | G24: 22 | H24: 23 | I24: 24 | J24: 25 | K24: 26 | L24: 27 | M24: 28 | N24: 29 | O24: 30
A25: 31 | B25: 32 | C25: 33 | D25: 34 | E25: 35 | F25: Cooler/Freezer Location: | H25: Cases Per Layer: | I25: Product Quality: | K25: Off-odor: | L25: Packaging: | M25: Labelling: | N25: Foreign Material: | O25: Damage Case(s):
A28: Lot No. | D28: Item Code: | F28: Product Description: | I28: Pack Size: | J28: Origin: | K28: Supplier: | M28: Product Temp | N28: Total Cases:
A30: 1 | B30: 2 | C30: 3 | D30: 4 | E30: 5 | F30: 6 | G30: 7 | H30: 8 | I30: 9 | J30: 10 | K30: 11 | L30: 12 | M30: 13 | N30: 14 | O30: 15
A31: 16 | B31: 17 | C31: 18 | D31: 19 | E31: 20 | F31: 21 | G31: 22 | H31: 23 | I31: 24 | J31: 25 | K31: 26 | L31: 27 | M31: 28 | N31: 29 | O31: 30
A32: 31 | B32: 32 | C32: 33 | D32: 34 | E32: 35 | F32: Cooler/Freezer Location: | H32: Cases Per Layer: | I32: Product Quality: | K32: Off-odor: | L32: Packaging: | M32: Labelling: | N32: Foreign Material: | O32: Damage Case(s):
A35: Qualify uses "Ö" or YES . Disqualify uses "X" or NO. If there's any disqualification, please indicate the finding(s) and corrective actions in the Corrective Action Form.
A36: Trinity Distribution Inc. | L36: Warehouse Receiving Manifest
H37: Frozen | I37: Cooler | J37: Dry
A38: =List!F3 -> 0 | E38: =List!G3 -> 0 | I38: X | L38: Cesar | N38: =List!I3
A39: Container No. | E39: Container Seal No. | L39: Receiver | N39: Receiving Date:
H40: Temp. Recorder(s)
B41: TDI | E41: =List!E3 -> 0 | L41: Inspect By | N41: Unloading Date:
A42: For Account Of: | E42: P.O. No.
D44: Item/Net Weight | F44: 1 | G44: 2 | H44: 3 | I44: 4 | J44: 5 | K44: 6 | L44: 7 | M44: 8 | N44: 9 | O44: 10
A45: =List!L3 -> SL | D45: 600000
A46: Delivering Truck Line:
A49: Lot No. | D49: Item Code: | F49: Product Description: | I49: Pack Size: | J49: Origin: | K49: Supplier: | M49: Product Temp | N49: Total Cases:
A50: =List!H3 | D50: 600000 | F50: =List!J3 -> FRESH GINGER | I50: 30LBS | J50: China | K50: =List!K3 -> Santao
A51: 1 | B51: 2 | C51: 3 | D51: 9 | E51: 5 | F51: 6 | G51: 7 | H51: 8 | I51: 9 | J51: 10 | K51: 11 | L51: 12 | M51: 13 | N51: 14 | O51: 15
A52: 16 | B52: 17 | C52: 18 | D52: 19 | E52: 20 | F52: 21 | G52: 22 | H52: 23 | I52: 24 | J52: 25 | K52: 26 | L52: 27 | M52: 28 | N52: 29 | O52: 30
A53: 31 | B53: 32 | C53: 33 | D53: 34 | E53: 35 | F53: Cooler/Freezer Location: | H53: Cases Per Layer: | I53: Product Quality: | K53: Off-odor: | L53: Packaging: | M53: Labelling: | N53: Foreign Material: | O53: Damage Case(s):
A56: Lot No. | D56: Item Code: | F56: Product Description: | I56: Pack Size: | J56: Origin: | K56: Supplier: | M56: Product Temp | N56: Total Cases:
A58: 1 | B58: 2 | C58: 3 | D58: 4 | E58: 5 | F58: 6 | G58: 7 | H58: 8 | I58: 9 | J58: 10 | K58: 11 | L58: 12 | M58: 13 | N58: 14 | O58: 15
A59: 16 | B59: 17 | C59: 18 | D59: 19 | E59: 20 | F59: 21 | G59: 22 | H59: 23 | I59: 24 | J59: 25 | K59: 26 | L59: 27 | M59: 28 | N59: 29 | O59: 30
A60: 31 | B60: 32 | C60: 33 | D60: 34 | E60: 35 | F60: Cooler/Freezer Location: | H60: Cases Per Layer: | I60: Product Quality: | K60: Off-odor: | L60: Packaging: | M60: Labelling: | N60: Foreign Material: | O60: Damage Case(s):
A63: Lot No. | D63: Item Code: | F63: Product Description: | I63: Pack Size: | J63: Origin: | K63: Supplier: | M63: Product Temp | N63: Total Cases:
A65: 1 | B65: 2 | C65: 3 | D65: 4 | E65: 5 | F65: 6 | G65: 7 | H65: 8 | I65: 9 | J65: 10 | K65: 11 | L65: 12 | M65: 13 | N65: 14 | O65: 15
A66: 16 | B66: 17 | C66: 18 | D66: 19 | E66: 20 | F66: 21 | G66: 22 | H66: 23 | I66: 24 | J66: 25 | K66: 26 | L66: 27 | M66: 28 | N66: 29 | O66: 30
A67: 31 | B67: 32 | C67: 33 | D67: 34 | E67: 35 | F67: Cooler/Freezer Location: | H67: Cases Per Layer: | I67: Product Quality: | K67: Off-odor: | L67: Packaging: | M67: Labelling: | N67: Foreign Material: | O67: Damage Case(s):
A70: Qualify uses "Ö" or YES . Disqualify uses "X" or NO. If there's any disqualification, please indicate the finding(s) and corrective actions in the Corrective Action Form.
A71: Trinity Distribution Inc. | L71: Warehouse Receiving Manifest
H72: Frozen | I72: Cooler | J72: Dry
A73: =List!F4 -> 0 | E73: =List!G4 -> 0 | I73: X | L73: Cesar | N73: =List!I4
A74: Container No. | E74: Container Seal No. | L74: Receiver | N74: Receiving Date:
H75: Temp. Recorder(s)
B76: TDI | E76: =List!E4 -> 0 | L76: Inspect By | N76: Unloading Date:
A77: For Account Of: | E77: P.O. No.
D79: Item/Net Weight | F79: 1 | G79: 2 | H79: 3 | I79: 4 | J79: 5 | K79: 6 | L79: 7 | M79: 8 | N79: 9 | O79: 10
A80: =List!L4 -> SL | D80: 600000
A81: Delivering Truck Line:
A84: Lot No. | D84: Item Code: | F84: Product Description: | I84: Pack Size: | J84: Origin: | K84: Supplier: | M84: Product Temp | N84: Total Cases:
A85: =List!H4 | D85: 600000 | F85: =List!J4 -> FRESH GINGER | I85: 30LBS | J85: China | K85: =List!K4 -> Santao
A86: 1 | B86: 2 | C86: 3 | D86: 9 | E86: 5 | F86: 6 | G86: 7 | H86: 8 | I86: 9 | J86: 10 | K86: 11 | L86: 12 | M86: 13 | N86: 14 | O86: 15
A87: 16 | B87: 17 | C87: 18 | D87: 19 | E87: 20 | F87: 21 | G87: 22 | H87: 23 | I87: 24 | J87: 25 | K87: 26 | L87: 27 | M87: 28 | N87: 29 | O87: 30
A88: 31 | B88: 32 | C88: 33 | D88: 34 | E88: 35 | F88: Cooler/Freezer Location: | H88: Cases Per Layer: | I88: Product Quality: | K88: Off-odor: | L88: Packaging: | M88: Labelling: | N88: Foreign Material: | O88: Damage Case(s):
A91: Lot No. | D91: Item Code: | F91: Product Description: | I91: Pack Size: | J91: Origin: | K91: Supplier: | M91: Product Temp | N91: Total Cases:
A93: 1 | B93: 2 | C93: 3 | D93: 4 | E93: 5 | F93: 6 | G93: 7 | H93: 8 | I93: 9 | J93: 10 | K93: 11 | L93: 12 | M93: 13 | N93: 14 | O93: 15
A94: 16 | B94: 17 | C94: 18 | D94: 19 | E94: 20 | F94: 21 | G94: 22 | H94: 23 | I94: 24 | J94: 25 | K94: 26 | L94: 27 | M94: 28 | N94: 29 | O94: 30
A95: 31 | B95: 32 | C95: 33 | D95: 34 | E95: 35 | F95: Cooler/Freezer Location: | H95: Cases Per Layer: | I95: Product Quality: | K95: Off-odor: | L95: Packaging: | M95: Labelling: | N95: Foreign Material: | O95: Damage Case(s):
A98: Lot No. | D98: Item Code: | F98: Product Description: | I98: Pack Size: | J98: Origin: | K98: Supplier: | M98: Product Temp | N98: Total Cases:
A100: 1 | B100: 2 | C100: 3 | D100: 4 | E100: 5 | F100: 6 | G100: 7 | H100: 8 | I100: 9 | J100: 10 | K100: 11 | L100: 12 | M100: 13 | N100: 14 | O100: 15
A101: 16 | B101: 17 | C101: 18 | D101: 19 | E101: 20 | F101: 21 | G101: 22 | H101: 23 | I101: 24 | J101: 25 | K101: 26 | L101: 27 | M101: 28 | N101: 29 | O101: 30
A102: 31 | B102: 32 | C102: 33 | D102: 34 | E102: 35 | F102: Cooler/Freezer Location: | H102: Cases Per Layer: | I102: Product Quality: | K102: Off-odor: | L102: Packaging: | M102: Labelling: | N102: Foreign Material: | O102: Damage Case(s):
A105: Qualify uses "Ö" or YES . Disqualify uses "X" or NO. If there's any disqualification, please indicate the finding(s) and corrective actions in the Corrective Action Form.
A106: Trinity Distribution Inc. | L106: Warehouse Receiving Manifest
H107: Frozen | I107: Cooler | J107: Dry
A108: =List!F5 -> 0 | E108: =List!G5 -> 0 | I108: X | L108: Cesar | N108: =List!I5
A109: Container No. | E109: Container Seal No. | L109: Receiver | N109: Receiving Date:
H110: Temp. Recorder(s)
B111: TDI | E111: =List!E5 -> 0 | L111: Inspect By | N111: Unloading Date:
A112: For Account Of: | E112: P.O. No.
D114: Item/Net Weight | F114: 1 | G114: 2 | H114: 3 | I114: 4 | J114: 5 | K114: 6 | L114: 7 | M114: 8 | N114: 9 | O114: 10
A115: =List!L5 -> SL | D115: 600000
A116: Delivering Truck Line:
A119: Lot No. | D119: Item Code: | F119: Product Description: | I119: Pack Size: | J119: Origin: | K119: Supplier: | M119: Product Temp | N119: Total Cases:
A120: =List!H5 | D120: 600000 | F120: =List!J5 -> FRESH GINGER | I120: 30LBS | J120: China | K120: =List!K5 -> Santao
A121: 1 | B121: 2 | C121: 3 | D121: 9 | E121: 5 | F121: 6 | G121: 7 | H121: 8 | I121: 9 | J121: 10 | K121: 11 | L121: 12 | M121: 13 | N121: 14 | O121: 15
A122: 16 | B122: 17 | C122: 18 | D122: 19 | E122: 20 | F122: 21 | G122: 22 | H122: 23 | I122: 24 | J122: 25 | K122: 26 | L122: 27 | M122: 28 | N122: 29 | O122: 30
A123: 31 | B123: 32 | C123: 33 | D123: 34 | E123: 35 | F123: Cooler/Freezer Location: | H123: Cases Per Layer: | I123: Product Quality: | K123: Off-odor: | L123: Packaging: | M123: Labelling: | N123: Foreign Material: | O123: Damage Case(s):
A126: Lot No. | D126: Item Code: | F126: Product Description: | I126: Pack Size: | J126: Origin: | K126: Supplier: | M126: Product Temp | N126: Total Cases:
A128: 1 | B128: 2 | C128: 3 | D128: 4 | E128: 5 | F128: 6 | G128: 7 | H128: 8 | I128: 9 | J128: 10 | K128: 11 | L128: 12 | M128: 13 | N128: 14 | O128: 15
A129: 16 | B129: 17 | C129: 18 | D129: 19 | E129: 20 | F129: 21 | G129: 22 | H129: 23 | I129: 24 | J129: 25 | K129: 26 | L129: 27 | M129: 28 | N129: 29 | O129: 30
A130: 31 | B130: 32 | C130: 33 | D130: 34 | E130: 35 | F130: Cooler/Freezer Location: | H130: Cases Per Layer: | I130: Product Quality: | K130: Off-odor: | L130: Packaging: | M130: Labelling: | N130: Foreign Material: | O130: Damage Case(s):
A133: Lot No. | D133: Item Code: | F133: Product Description: | I133: Pack Size: | J133: Origin: | K133: Supplier: | M133: Product Temp | N133: Total Cases:
A135: 1 | B135: 2 | C135: 3 | D135: 4 | E135: 5 | F135: 6 | G135: 7 | H135: 8 | I135: 9 | J135: 10 | K135: 11 | L135: 12 | M135: 13 | N135: 14 | O135: 15
A136: 16 | B136: 17 | C136: 18 | D136: 19 | E136: 20 | F136: 21 | G136: 22 | H136: 23 | I136: 24 | J136: 25 | K136: 26 | L136: 27 | M136: 28 | N136: 29 | O136: 30
A137: 31 | B137: 32 | C137: 33 | D137: 34 | E137: 35 | F137: Cooler/Freezer Location: | H137: Cases Per Layer: | I137: Product Quality: | K137: Off-odor: | L137: Packaging: | M137: Labelling: | N137: Foreign Material: | O137: Damage Case(s):
A140: Qualify uses "Ö" or YES . Disqualify uses "X" or NO. If there's any disqualification, please indicate the finding(s) and corrective actions in the Corrective Action Form.
A141: Trinity Distribution Inc. | L141: Warehouse Receiving Manifest
H142: Frozen | I142: Cooler | J142: Dry
A143: =List!F6 -> 0 | E143: =List!G6 -> 0 | I143: X | L143: Cesar | N143: =List!I6
A144: Container No. | E144: Container Seal No. | L144: Receiver | N144: Receiving Date:
...

Sheet Ginger Report
A1: Trinity Distribution Inc. | H1: Ginger Report
A2: =List!F2 -> 0 | D2: =List!E2 -> 0
A3: Container No. | D3: P.O. No. | G3: Receiving Date: | J3: Reporter
A5: Lot No. | C5: Item Code: | E5: Product Description: | H5: Pack Size: | I5: Origin: | J5: Supplier:
A6: =List!H2 | C6: 600000 | E6: =List!J2 -> FRESH GINGER | H6: 1/30# | I6: China | J6: =List!K2 -> Santao
A7: Gross weight(≥35LBS) | B7: 1 | C7: 2 | D7: 3 | E7: 4 | F7: 5 | G7: 6 | H7: 7 | I7: 8 | J7: 9 | K7: 10
A8: Wet with plastic bag
A9: Dry packed
A11: Quality (Disqualified use 'NO.') | B11: 1 | C11: 2 | D11: 3 | E11: 4 | F11: 5 | G11: 6 | H11: 7 | I11: 8 | J11: 9 | K11: 10
A12: Mold
A13: Rotten
A14: Sprouting
A15: Not Clean washed
A16: Skin off
A17: Small piece
A18: Green color
A19: Dirty on the box
A20: Lot No. | C20: Item Code: | E20: Product Description: | H20: Pack Size: | I20: Origin: | J20: Supplier:
A22: Gross weight(≥35LBS) | B22: 1 | C22: 2 | D22: 3 | E22: 4 | F22: 5 | G22: 6 | H22: 7 | I22: 8 | J22: 9 | K22: 10
A23: Wet with plastic bag
A24: Dry packed
A26: Quality (Disqualified use 'NO.') | B26: 1 | C26: 2 | D26: 3 | E26: 4 | F26: 5 | G26: 6 | H26: 7 | I26: 8 | J26: 9 | K26: 10
A27: Mold
A28: Rotten
A29: Sprouting
A30: Not Clean washed
A31: Skin off
A32: Small piece
A33: Green color
A34: Dirty on the box
A35: Trinity Distribution Inc. | H35: Ginger Report
A36: =List!F3 -> 0 | D36: =List!E3 -> 0
A37: Container No. | D37: P.O. No. | G37: Receiving Date: | J37: Reporter
A39: Lot No. | C39: Item Code: | E39: Product Description: | H39: Pack Size: | I39: Origin: | J39: Supplier:
A40: =List!H3 | C40: 600000 | E40: =List!J3 -> FRESH GINGER | H40: 1/30# | I40: China | J40: =List!K3 -> Santao
A41: Gross weight(≥35LBS) | B41: 1 | C41: 2 | D41: 3 | E41: 4 | F41: 5 | G41: 6 | H41: 7 | I41: 8 | J41: 9 | K41: 10
A42: Wet with plastic bag
A43: Dry packed
A45: Quality (Disqualified use 'NO.') | B45: 1 | C45: 2 | D45: 3 | E45: 4 | F45: 5 | G45: 6 | H45: 7 | I45: 8 | J45: 9 | K45: 10
A46: Mold
A47: Rotten
A48: Sprouting
A49: Not Clean washed
A50: Skin off
A51: Small piece
A52: Green color
A53: Dirty on the box
A54: Lot No. | C54: Item Code: | E54: Product Description: | H54: Pack Size: | I54: Origin: | J54: Supplier:
A56: Gross weight(≥35LBS) | B56: 1 | C56: 2 | D56: 3 | E56: 4 | F56: 5 | G56: 6 | H56: 7 | I56: 8 | J56: 9 | K56: 10
A57: Wet with plastic bag
A58: Dry packed
A60: Quality (Disqualified use 'NO.') | B60: 1 | C60: 2 | D60: 3 | E60: 4 | F60: 5 | G60: 6 | H60: 7 | I60: 8 | J60: 9 | K60: 10
A61: Mold
A62: Rotten
A63: Sprouting
A64: Not Clean washed
A65: Skin off
A66: Small piece
A67: Green color
A68: Dirty on the box
A69: Trinity Distribution Inc. | H69: Ginger Report
A70: =List!F4 -> 0 | D70: =List!E4 -> 0
A71: Container No. | D71: P.O. No. | G71: Receiving Date: | J71: Reporter
A72: Lot No. | C72: Item Code: | E72: Product Description: | H72: Pack Size: | I72: Origin: | J72: Supplier:
A73: =List!H4 | C73: 600000 | E73: =List!J4 -> FRESH GINGER | H73: 1/30# | I73: China | J73: =List!K4 -> Santao
A74: Gross weight(≥35LBS) | B74: 1 | C74: 2 | D74: 3 | E74: 4 | F74: 5 | G74: 6 | H74: 7 | I74: 8 | J74: 9 | K74: 10
A75: Wet with plastic bag
A76: Dry packed
A78: Quality (Disqualified use 'NO.') | B78: 1 | C78: 2 | D78: 3 | E78: 4 | F78: 5 | G78: 6 | H78: 7 | I78: 8 | J78: 9 | K78: 10
A79: Mold
A80: Rotten
A81: Sprouting
A82: Not Clean washed
A83: Skin off
A84: Small piece
A85: Green color
A86: Dirty on the box
A87: Lot No. | C87: Item Code: | E87: Product Description: | H87: Pack Size: | I87: Origin: | J87: Supplier:
A89: Gross weight(≥35LBS) | B89: 1 | C89: 2 | D89: 3 | E89: 4 | F89: 5 | G89: 6 | H89: 7 | I89: 8 | J89: 9 | K89: 10
A90: Wet with plastic bag
A91: Dry packed
A93: Quality (Disqualified use 'NO.') | B93: 1 | C93: 2 | D93: 3 | E93: 4 | F93: 5 | G93: 6 | H93: 7 | I93: 8 | J93: 9 | K93: 10
A94: Mold
A95: Rotten
A96: Sprouting
A97: Not Clean washed
A98: Skin off
A99: Small piece
A100: Green color
A101: Dirty on the box
A102: Trinity Distribution Inc. | H102: Ginger Report
A103: =List!F5 -> 0 | D103: =List!E5 -> 0
A104: Container No. | D104: P.O. No. | G104: Receiving Date: | J104: Reporter
A105: Lot No. | C105: Item Code: | E105: Product Description: | H105: Pack Size: | I105: Origin: | J105: Supplier:
A106: =List!H5 | C106: 600000 | E106: =List!J5 -> FRESH GINGER | H106: 1/30# | I106: China | J106: =List!K5 -> Santao
A107: Gross weight(≥35LBS) | B107: 1 | C107: 2 | D107: 3 | E107: 4 | F107: 5 | G107: 6 | H107: 7 | I107: 8 | J107: 9 | K107: 10
A108: Wet with plastic bag
A109: Dry packed
A111: Quality (Disqualified use 'NO.') | B111: 1 | C111: 2 | D111: 3 | E111: 4 | F111: 5 | G111: 6 | H111: 7 | I111: 8 | J111: 9 | K111: 10
A112: Mold
...

Sheet label
A1: Date: | B1: =List!I2
A2: ='Warehouse Receiving Manifest'!F15 -> FRESH GINGER
A3: =List!E2 -> 0
A4: =List!H2
A5: Pallet#
A6: Date: | B6: =List!I3
A7: =List!J3 -> FRESH GINGER
A8: =List!E3 -> 0
A9: =List!H3
A10: Pallet#
A11: Date: | B11: =List!I4
A12: =List!J4 -> FRESH GINGER
A13: =List!E4 -> 0
A14: =List!H4
A15: Pallet#
A16: Date: | B16: =List!I5
A17: =List!J5 -> FRESH GINGER
A18: =List!E5 -> 0
A19: =List!H5
A20: Pallet#
A21: Date: | B21: =List!I6
A22: =List!J6 -> FRESH GINGER
A23: =List!E6 -> 0
A24: =List!H6
A25: Pallet#
A26: Date: | B26: =List!I7
A27: =List!J7 -> FRESH GINGER
A28: =List!E7 -> 0
A29: =List!H7
A30: Pallet#
A31: Date: | B31: =List!I8
A32: =List!J8 -> FRESH GINGER
A33: =List!E8 -> 0
A34: =List!H8
A35: Pallet#
A36: Date: | B36: =List!I9
A37: =List!J9 -> FRESH GINGER
A38: =List!E9 -> 0
A39: =List!H9
A40: Pallet#
A41: Date: | B41: =List!I10
A42: =List!J10 -> FRESH GINGER
A43: =List!E10 -> 0
A44: =List!H10
A45: Pallet#

Sheet ginger supplier
A1: Item | B1: Suplier
A2: Fresh Organic Ginger, Peru. 30# | B2: COAAM
A3: Fresh Ginger, Thailand. 1/30# | B3: J&P
A4: Fresh Organic Ginger, Peru. 1/30# | B4: JCH
A5: Fresh Organic Ginger, Peru.1/40# | B5: JCH
A6: Fresh Ginger, Chinese Varity | B6: Jungle Fresh
A7: Fresh Organic Ginger, Peru. 1/30# | B7: Jungle Fresh
A8: Fresh Ginger, Thailand. 1/30# | B8: KOR
A9: Fresh Ginger, China. 1/30# | B9: LAIWU TAIFENG
A10: Fresh Organic Ginger, Peru. 1/30# | B10: LEON
A11: Fresh Ginger, China. 1/30# 1,872 | B11: MANHING
A12: Fresh Organic Ginger, Peru. 1/30# | B12: Nativa
... A28: PLASTIC BAGS-11PC | B28: SANTAO
